lm11_x,lm11_y,lm11_z,lm12_x,lm12_y,lm12_z,lm23_x,lm23_y,lm23_z,lm24_x,lm24_y,lm24_z,lm25_x,lm25_y,lm25_z,lm26_x,lm26_y,lm26_z,lm27_x,lm27_y,lm27_z,lm28_x,lm28_y,lm28_z
0.7421513795852661,0.7598246335983276,-0.11823995411396027,0.7468058466911316,0.751774787902832,0.053433530032634735,0.72844398021698,0.8698508143424988,-0.06130880117416382,0.7289554476737976,0.863934338092804,0.06143826246261597,0.6590391397476196,0.9038427472114563,-0.09762971103191376,0.6652268171310425,0.8819272518157959,0.027986282482743263,0.6746378540992737,0.984797477722168,-0.0445011705160141,0.6675639152526855,0.9707395434379578,0.0701632872223854
0.7376558780670166,0.7584274411201477,-0.1288526952266693,0.7450031042098999,0.7488755583763123,0.05317160487174988,0.7221983671188354,0.8623982667922974,-0.06515932828187943,0.7240389585494995,0.8606268167495728,0.0652419924736023,0.6525334119796753,0.8933925628662109,-0.10974583774805069,0.6660581827163696,0.8819349408149719,0.06342470645904541,0.6676622629165649,0.9741166830062866,-0.06260751932859421,0.667799174785614,0.970875084400177,0.08553490787744522
0.7341978549957275,0.7571316957473755,-0.12858061492443085,0.7445214986801147,0.7467669248580933,0.057469211518764496,0.719976544380188,0.8590183258056641,-0.06648491322994232,0.7238665819168091,0.859657347202301,0.06654693186283112,0.6514853835105896,0.8880977034568787,-0.1069866269826889,0.6662977933883667,0.8809671401977539,0.07597951591014862,0.6639997959136963,0.9636685252189636,-0.05725919082760811,0.6680289506912231,0.9650775790214539,0.09736837446689606
0.7349327802658081,0.753857433795929,-0.13732872903347015,0.7445811033248901,0.7431681752204895,0.06360749155282974,0.7198055982589722,0.8566135168075562,-0.06805984675884247,0.7257418036460876,0.85349041223526,0.06810273975133896,0.6514797806739807,0.879012405872345,-0.08358418196439743,0.6687110662460327,0.871432900428772,0.10581590235233307,0.6630681753158569,0.9538033604621887,-0.033347032964229584,0.6747704148292542,0.9487932920455933,0.12053676694631577
0.7353880405426025,0.7518571615219116,-0.13398215174674988,0.7461684942245483,0.7419081330299377,0.0616631805896759,0.7205458879470825,0.8546848893165588,-0.0674794465303421,0.7267046570777893,0.8540295958518982,0.06747697293758392,0.6529260873794556,0.8774155974388123,-0.062291719019412994,0.6786386966705322,0.8743791580200195,0.1062067300081253,0.6590920090675354,0.9568585753440857,-0.01940562203526497,0.67598557472229,0.9544469714164734,0.13265398144721985
0.7358709573745728,0.7512978315353394,-0.1452196091413498,0.746545672416687,0.7407824397087097,0.04256710410118103,0.7233186364173889,0.8510214686393738,-0.06551923602819443,0.7322824597358704,0.8485262393951416,0.0655507743358612,0.6595831513404846,0.8784704804420471,-0.07262507826089859,0.6966539621353149,0.8749446868896484,0.09770404547452927,0.6680384278297424,0.9582442045211792,-0.02165413647890091,0.7014560103416443,0.9550034999847412,0.12722916901111603
0.7372753620147705,0.7512046694755554,-0.13958796858787537,0.7465134859085083,0.7415117025375366,0.047450657933950424,0.7246204614639282,0.8524999618530273,-0.0647241547703743,0.7336289882659912,0.8488789200782776,0.06476891040802002,0.6611460447311401,0.8815711140632629,-0.07600172609090805,0.6863725185394287,0.8793729543685913,0.06899046897888184,0.6673904657363892,0.9661590456962585,-0.027614403516054153,0.6941709518432617,0.9611923694610596,0.10779143869876862
0.7406004071235657,0.7506110072135925,-0.11495087295770645,0.7469053268432617,0.7415006756782532,0.06448923796415329,0.7278870344161987,0.8526554107666016,-0.06231175735592842,0.7340050339698792,0.848362386226654,0.062368493527173996,0.6661077737808228,0.8826888203620911,-0.07688099890947342,0.6895053386688232,0.8872291445732117,0.0678696557879448,0.6662449240684509,0.9651614427566528,-0.028145015239715576,0.6897662878036499,0.9682992696762085,0.09495384991168976
0.7441685795783997,0.7505095601081848,-0.11952584981918335,0.7469169497489929,0.7414159774780273,0.06536342948675156,0.7305575609207153,0.8527934551239014,-0.06209269165992737,0.733910858631134,0.8491984009742737,0.06216171383857727,0.6677587032318115,0.8824571967124939,-0.08306986838579178,0.6880218386650085,0.8875385522842407,0.05728395655751228,0.6666011810302734,0.9656873345375061,-0.04205363243818283,0.6870883107185364,0.9702203869819641,0.08175833523273468
0.7455903887748718,0.749782145023346,-0.13151714205741882,0.7469240427017212,0.7401837110519409,0.0697355717420578,0.7333883047103882,0.8525179028511047,-0.06537097692489624,0.7333752512931824,0.8493570685386658,0.06544173508882523,0.6697362065315247,0.8815606236457825,-0.08468867838382721,0.682518720626831,0.8791479468345642,0.059785205870866776,0.6684827208518982,0.9619817733764648,-0.03559603542089462,0.6773305535316467,0.9665831327438354,0.09528284519910812
0.7458393573760986,0.7494522929191589,-0.13099069893360138,0.7474488615989685,0.7391929626464844,0.06736651062965393,0.7326145768165588,0.8509253263473511,-0.06525781005620956,0.7352727651596069,0.8458573818206787,0.0653320923447609,0.667924702167511,0.8778861165046692,-0.08474881947040558,0.6821230053901672,0.8735640048980713,0.09348422288894653,0.6732584238052368,0.9478626251220703,-0.01854744181036949,0.6915985345840454,0.9553076028823853,0.11764292418956757
0.7454886436462402,0.7495781779289246,-0.13968749344348907,0.747302234172821,0.7394336462020874,0.0646449625492096,0.7327330708503723,0.8507408499717712,-0.06519481539726257,0.7351213693618774,0.8449296355247498,0.0652652233839035,0.6684529781341553,0.8788006901741028,-0.0847523882985115,0.6869226694107056,0.8749109506607056,0.0864134430885315,0.6774272322654724,0.9495096206665039,-0.020597051829099655,0.6882652640342712,0.9570285081863403,0.1121479719877243
0.744209349155426,0.7493188381195068,-0.13402603566646576,0.7442103624343872,0.7394493222236633,0.057482242584228516,0.7322114706039429,0.84929358959198,-0.06293247640132904,0.7336863279342651,0.8450167775154114,0.063020721077919,0.6676322221755981,0.8785545229911804,-0.08079211413860321,0.685745120048523,0.8748444318771362,0.08036727458238602,0.6756675243377686,0.9482715725898743,-0.02138965204358101,0.682893693447113,0.9529886841773987,0.10337992012500763
0.7439635992050171,0.7488568425178528,-0.12241252511739731,0.7423869967460632,0.7392330169677734,0.06057807803153992,0.731914758682251,0.8490337133407593,-0.06232861429452896,0.7318841218948364,0.8454809784889221,0.06242712214589119,0.6671117544174194,0.8787220120429993,-0.0808444619178772,0.6853813529014587,0.875399649143219,0.0793420672416687,0.6747947931289673,0.9474425911903381,-0.01986754685640335,0.6808081865310669,0.9534444212913513,0.09871548414230347
0.741382360458374,0.7480660676956177,-0.1276692897081375,0.742824912071228,0.7386295795440674,0.05692211538553238,0.731364369392395,0.8479505777359009,-0.061809051781892776,0.7322947382926941,0.8423876166343689,0.06191251799464226,0.6668238639831543,0.8775389194488525,-0.08012782782316208,0.6849343776702881,0.8710862994194031,0.07355431467294693,0.6747441291809082,0.9451436400413513,-0.021362440660595894,0.6804373264312744,0.9478378295898438,0.0987442135810852
0.7404416799545288,0.7462297677993774,-0.12432225048542023,0.7420857548713684,0.7374517321586609,0.06433656811714172,0.7309166193008423,0.8461435437202454,-0.061831116676330566,0.7319811582565308,0.8400374054908752,0.061933647841215134,0.6663786172866821,0.8770455121994019,-0.08018917590379715,0.6835864782333374,0.8706333041191101,0.07233386486768723,0.6743375658988953,0.9466362595558167,-0.024380069226026535,0.6773872971534729,0.9484522938728333,0.09720227867364883
0.7407191395759583,0.7413102388381958,-0.11662119626998901,0.7400496602058411,0.7339178919792175,0.06390389055013657,0.7305521965026855,0.8440559506416321,-0.05956991761922836,0.7306960225105286,0.8372165560722351,0.0596531443297863,0.6654130220413208,0.8742033243179321,-0.07925187051296234,0.6831327080726624,0.8745919466018677,0.06533575803041458,0.6730386018753052,0.9456361532211304,-0.024620307609438896,0.6784075498580933,0.9555556774139404,0.08282958716154099
0.7396291494369507,0.7399894595146179,-0.1179337128996849,0.7403796911239624,0.7322496771812439,0.0635242760181427,0.7304486036300659,0.8403107523918152,-0.05969153717160225,0.7351166009902954,0.8358741402626038,0.05976410582661629,0.6653808951377869,0.8703644871711731,-0.0799834281206131,0.693390429019928,0.8767098784446716,0.06891457736492157,0.6707194447517395,0.9359509348869324,-0.020479485392570496,0.6951571702957153,0.9597073197364807,0.0869256854057312
0.7396716475486755,0.7358925342559814,-0.12005861103534698,0.7394405007362366,0.7290894985198975,0.06750018149614334,0.7303555607795715,0.8378143310546875,-0.06000847369432449,0.7341129779815674,0.8323410153388977,0.060099244117736816,0.6638146638870239,0.865405261516571,-0.080863818526268,0.690965473651886,0.8699138164520264,0.08082134276628494,0.6629693508148193,0.9293164610862732,-0.023636354133486748,0.6908615231513977,0.9504110813140869,0.09621194750070572
0.739217221736908,0.7334421873092651,-0.13373667001724243,0.7386441826820374,0.7252407073974609,0.06660757213830948,0.7288077473640442,0.8342000246047974,-0.06164127588272095,0.7314282655715942,0.828279435634613,0.061741165816783905,0.6632384061813354,0.8615010976791382,-0.08030468970537186,0.6834121942520142,0.8655586838722229,0.07620175182819366,0.6597801446914673,0.9296742677688599,-0.025943195447325706,0.6763657927513123,0.9438492059707642,0.09859306365251541
0.7389404773712158,0.7317854166030884,-0.13194063305854797,0.7380456924438477,0.7252712249755859,0.07160083949565887,0.7282806634902954,0.8333303928375244,-0.06165480613708496,0.7304955720901489,0.8288387656211853,0.06175471097230911,0.6630942821502686,0.8618717789649963,-0.08134065568447113,0.6850547790527344,0.8662471771240234,0.07232601940631866,0.6619877815246582,0.9336134791374207,-0.032481975853443146,0.6829215884208679,0.9443581104278564,0.09230554848909378
0.7366223931312561,0.7316831946372986,-0.1368212103843689,0.7383965849876404,0.7245922088623047,0.06546418368816376,0.7276538610458374,0.8332622051239014,-0.06167229264974594,0.7313897609710693,0.8280761241912842,0.06176877021789551,0.6620191335678101,0.860399603843689,-0.07898136228322983,0.6887655258178711,0.8649903535842896,0.09792452305555344,0.6634765267372131,0.9273084402084351,-0.011307206936180592,0.6890010833740234,0.9439252018928528,0.12101469933986664
0.735099732875824,0.7296751141548157,-0.13484859466552734,0.7385820746421814,0.7225287556648254,0.06945551931858063,0.7271488308906555,0.8310109376907349,-0.06225626543164253,0.7312911152839661,0.8257537484169006,0.06235642358660698,0.6620534658432007,0.861680805683136,-0.08072914928197861,0.682705283164978,0.8547343015670776,0.08832142502069473,0.6695324182510376,0.9304896593093872,-0.01896773651242256,0.6887964010238647,0.9449506402015686,0.11150431632995605
0.7352765798568726,0.725321888923645,-0.10458353906869888,0.7374941110610962,0.7216688394546509,0.08942487090826035,0.7262757420539856,0.8313578963279724,-0.0638931542634964,0.7290490865707397,0.8272478580474854,0.06395849585533142,0.6621073484420776,0.8610389232635498,-0.08079643547534943,0.6729288697242737,0.8546508550643921,0.07153384387493134,0.6644868850708008,0.9300241470336914,-0.02653287909924984,0.682716429233551,0.9430936574935913,0.10863705724477768
0.734841525554657,0.7257416844367981,-0.10837197303771973,0.7362109422683716,0.7221781611442566,0.09123626351356506,0.7259400486946106,0.8294257521629333,-0.06518173217773438,0.727236807346344,0.825041651725769,0.06522534042596817,0.6617715358734131,0.8598705530166626,-0.08622097223997116,0.669463038444519,0.8529868721961975,0.05430303141474724,0.6600297689437866,0.9299322962760925,-0.04364503175020218,0.6737529039382935,0.94253009557724,0.08940179646015167
0.7351305484771729,0.7259151339530945,-0.10864762961864471,0.7353585958480835,0.7219504714012146,0.08873401582241058,0.7259381413459778,0.8305987119674683,-0.0650603398680687,0.7259736061096191,0.8256078362464905,0.06511126458644867,0.660710871219635,0.8599274158477783,-0.0856037363409996,0.6684527397155762,0.8525940179824829,0.06200280785560608,0.6601241827011108,0.9263857007026672,-0.032813914120197296,0.6726940274238586,0.938861608505249,0.09211380779743195
0.7352011799812317,0.7258794903755188,-0.11224262416362762,0.7343350648880005,0.7197866439819336,0.07890983670949936,0.7256397008895874,0.8288188576698303,-0.06473570317029953,0.7249087691307068,0.8225661516189575,0.06478835642337799,0.6603735685348511,0.8602188229560852,-0.08417051285505295,0.6686842441558838,0.8533594012260437,0.06428346782922745,0.6653190851211548,0.928095281124115,-0.025896603241562843,0.6735447645187378,0.9380548596382141,0.09256242215633392
0.7346544861793518,0.7252045273780823,-0.10911346971988678,0.7339282035827637,0.72057044506073,0.08671264350414276,0.7257059812545776,0.8296681642532349,-0.06509140133857727,0.7250005006790161,0.8238085508346558,0.06514984369277954,0.6604659557342529,0.8588071465492249,-0.08471008390188217,0.6685437560081482,0.8518543839454651,0.0657297745347023,0.6624616980552673,0.9257282018661499,-0.02608322538435459,0.6687859296798706,0.9358944296836853,0.0929526835680008
0.7348262667655945,0.7259492874145508,-0.11570272594690323,0.7309213876724243,0.7207613587379456,0.08405227214097977,0.7251570224761963,0.8314417004585266,-0.06444372236728668,0.7228335738182068,0.8272311091423035,0.06449953466653824,0.6583744287490845,0.8590417504310608,-0.08450619131326675,0.6648099422454834,0.8528721332550049,0.06725342571735382,0.6618084907531738,0.9245738387107849,-0.014852887019515038,0.6694977283477783,0.9388745427131653,0.09613338112831116
0.7344120740890503,0.7254604697227478,-0.11634590476751328,0.7313327789306641,0.7212015986442566,0.0839504674077034,0.725579023361206,0.8329099416732788,-0.06518293917179108,0.7235612869262695,0.8286665081977844,0.06524285674095154,0.658728837966919,0.8593640923500061,-0.08288250118494034,0.6651114225387573,0.8537368178367615,0.07403528690338135,0.664033830165863,0.9247812628746033,-0.010985346511006355,0.6687362790107727,0.936166524887085,0.11295425891876221
0.7339173555374146,0.7236096262931824,-0.11033574491739273,0.7319431900978088,0.7210216522216797,0.08869393169879913,0.7254859805107117,0.8322879076004028,-0.06517182290554047,0.7237035036087036,0.8279300928115845,0.06523086130619049,0.6588772535324097,0.8596924543380737,-0.08300516754388809,0.6667832732200623,0.8532354235649109,0.07820545136928558,0.6646541357040405,0.9258328676223755,-0.015065750107169151,0.6775537729263306,0.9373166561126709,0.11050762236118317
0.7317212820053101,0.7226217985153198,-0.11133462190628052,0.7322891354560852,0.7207898497581482,0.08711940795183182,0.724904477596283,0.8311948180198669,-0.0651400238275528,0.7250956296920776,0.8278177976608276,0.06519224494695663,0.6590453386306763,0.859908938407898,-0.07764078676700592,0.6675723791122437,0.8536586165428162,0.08005046844482422,0.6661975383758545,0.9271635413169861,-0.010631744749844074,0.6814277768135071,0.9373723268508911,0.12178732454776764
0.7309138774871826,0.7222908735275269,-0.11108033359050751,0.7325583696365356,0.7206583619117737,0.08681033551692963,0.7246031761169434,0.8306073546409607,-0.06510516256093979,0.7257469296455383,0.8276627063751221,0.06516143679618835,0.6591638326644897,0.8600407242774963,-0.07584494352340698,0.6681990027427673,0.85396808385849,0.07911577820777893,0.667034387588501,0.928551971912384,-0.009429032914340496,0.6816254258155823,0.9377539753913879,0.1213739886879921
0.7311570644378662,0.7231289148330688,-0.11638321727514267,0.7325426936149597,0.7207567691802979,0.08421076834201813,0.7243167161941528,0.8307749629020691,-0.06484653800725937,0.7242124080657959,0.8269769549369812,0.06492037326097488,0.6589407324790955,0.8600195646286011,-0.07668262720108032,0.6674806475639343,0.8528885245323181,0.07816453278064728,0.6668835282325745,0.9284937977790833,-0.011773505248129368,0.6799849271774292,0.9363265633583069,0.11765480041503906
0.7312039136886597,0.7209368944168091,-0.1035943403840065,0.7325235605239868,0.7208085656166077,0.08958382904529572,0.7253316640853882,0.8308621048927307,-0.06451453268527985,0.7248636484146118,0.8266551494598389,0.06456005573272705,0.6599583625793457,0.8600992560386658,-0.07695692777633667,0.6680828332901001,0.8526334762573242,0.07008346170186996,0.66424959897995,0.9284341335296631,-0.014807087369263172,0.6778162717819214,0.9369152188301086,0.10292260348796844
0.7314433455467224,0.7215399146080017,-0.10665248334407806,0.7322097420692444,0.7208584547042847,0.08827076107263565,0.7253340482711792,0.8315349817276001,-0.06450729817152023,0.7252309322357178,0.8274312615394592,0.06455127894878387,0.6598714590072632,0.8603008389472961,-0.07739649713039398,0.6686187982559204,0.8531587719917297,0.08063241094350815,0.6632140874862671,0.9296451807022095,-0.011670293286442757,0.6794630289077759,0.94115149974823,0.11219175904989243
0.7314258813858032,0.721971333026886,-0.11114287376403809,0.7322252988815308,0.72230464220047,0.08923038840293884,0.7254553437232971,0.8337077498435974,-0.06487983465194702,0.7252842783927917,0.8293097615242004,0.06492281705141068,0.6601921319961548,0.8610038161277771,-0.08137419074773788,0.6679816842079163,0.8544177412986755,0.07387390732765198,0.6578949689865112,0.9292992949485779,-0.016502168029546738,0.6747687458992004,0.9410232901573181,0.10443565994501114
0.7311893105506897,0.7232542037963867,-0.12008953094482422,0.7323130369186401,0.7232491970062256,0.08669482916593552,0.72552090883255,0.8344660997390747,-0.06521029770374298,0.7256797552108765,0.8300713300704956,0.06525319814682007,0.6603050827980042,0.8617361783981323,-0.08153527975082397,0.6679818630218506,0.8552662134170532,0.07588135451078415,0.6575478911399841,0.929932713508606,-0.016451917588710785,0.6746119856834412,0.9411976337432861,0.10917069017887115
0.7305875420570374,0.7257696986198425,-0.12114602327346802,0.7323445081710815,0.7224518060684204,0.08660147339105606,0.7256186604499817,0.8344954252243042,-0.06607426702976227,0.7258623838424683,0.8297542929649353,0.06611151993274689,0.6602513194084167,0.8619099855422974,-0.07962176203727722,0.6680803894996643,0.8546509146690369,0.0768674686551094,0.6578484177589417,0.9300680160522461,-0.0012104542693123221,0.6727256774902344,0.9412053227424622,0.113744355738163
0.7301346659660339,0.7262635827064514,-0.11615625768899918,0.7333009243011475,0.7224210500717163,0.08675486594438553,0.7254349589347839,0.833670437335968,-0.06509038805961609,0.7276022434234619,0.8284878134727478,0.06512848287820816,0.6613820195198059,0.8617787957191467,-0.0768674686551094,0.6742234230041504,0.8542149662971497,0.08050370961427689,0.6594313383102417,0.9289933443069458,-0.003910868428647518,0.682960569858551,0.9398573637008667,0.1130005270242691
0.7319931387901306,0.7248323559761047,-0.10608834028244019,0.7349663972854614,0.7223989367485046,0.08668466657400131,0.7266125082969666,0.8327626585960388,-0.0649382695555687,0.7280515432357788,0.8280271887779236,0.0649760439991951,0.6623879671096802,0.861770749092102,-0.07708027958869934,0.6736315488815308,0.8540193438529968,0.07863308489322662,0.6631484627723694,0.9290030002593994,-0.010743290185928345,0.6837059259414673,0.9391775131225586,0.11257912963628769
0.7336403727531433,0.7223426699638367,-0.10856185853481293,0.7354594469070435,0.7221837639808655,0.07754881680011749,0.7270330190658569,0.8317223787307739,-0.06475100666284561,0.7280310392379761,0.8274754881858826,0.06478585302829742,0.66322261095047,0.8619170784950256,-0.07353462278842926,0.6732328534126282,0.8540289998054504,0.07757367193698883,0.6699709296226501,0.9327380657196045,-0.008938131853938103,0.6826756596565247,0.9391899108886719,0.11758337169885635
0.7338300347328186,0.7206713557243347,-0.10467581450939178,0.735456109046936,0.7211635112762451,0.09391646087169647,0.7271310091018677,0.8302739858627319,-0.06486852467060089,0.7296410799026489,0.8263065814971924,0.06490488350391388,0.6630138754844666,0.8618924021720886,-0.07868210226297379,0.675025999546051,0.8530425429344177,0.07754214107990265,0.670632004737854,0.9324743747711182,-0.01849430426955223,0.6846460103988647,0.9392220377922058,0.11230915784835815
0.7338102459907532,0.7206397652626038,-0.11862508952617645,0.7340012192726135,0.7210039496421814,0.08968915045261383,0.7277513742446899,0.8287575244903564,-0.06486071646213531,0.7294835448265076,0.8248977065086365,0.06489961594343185,0.6634666323661804,0.8614104390144348,-0.08003011345863342,0.674488365650177,0.8524730205535889,0.07255841046571732,0.6730859875679016,0.9322383403778076,-0.01866036280989647,0.6840772032737732,0.9374066591262817,0.10893487930297852
0.7337706089019775,0.7201988101005554,-0.117653988301754,0.7335237264633179,0.7204601168632507,0.08953144401311874,0.7278894782066345,0.8286083340644836,-0.06484036147594452,0.7294453978538513,0.8247019052505493,0.06488124281167984,0.6636878252029419,0.8604533076286316,-0.08033829182386398,0.674453616142273,0.8523768186569214,0.07138507068157196,0.6724236607551575,0.9306672811508179,-0.01868172362446785,0.683506190776825,0.936224102973938,0.10683272033929825
0.731456458568573,0.7175901532173157,-0.10570864379405975,0.733627200126648,0.7167454361915588,0.09525880217552185,0.7273731231689453,0.8254423141479492,-0.06483803689479828,0.7299919724464417,0.8213016986846924,0.0648791640996933,0.6631249189376831,0.8592522144317627,-0.08183680474758148,0.6789292693138123,0.8481419682502747,0.07803503423929214,0.6685916185379028,0.92600017786026,-0.02411409094929695,0.6923047304153442,0.9360110759735107,0.10723892599344254
0.7305835485458374,0.7173293828964233,-0.1147938221693039,0.7328996062278748,0.7167313694953918,0.08435317128896713,0.7261432409286499,0.8244706392288208,-0.06403280794620514,0.7279844880104065,0.8197196125984192,0.06408502161502838,0.6613143682479858,0.8549563884735107,-0.08043629676103592,0.6759399175643921,0.8464328646659851,0.06888292729854584,0.6570632457733154,0.9167711734771729,-0.024187540635466576,0.6891335248947144,0.9360415935516357,0.09935411810874939
0.7306568026542664,0.7169023752212524,-0.12169508635997772,0.7323033809661865,0.7151598334312439,0.07868950068950653,0.7245548963546753,0.8225375413894653,-0.06488321721553802,0.7248355746269226,0.8183624148368835,0.06493403017520905,0.6601883172988892,0.8547970056533813,-0.08232881128787994,0.6711166501045227,0.8460977077484131,0.0725846141576767,0.6589146256446838,0.9195087552070618,-0.02694292739033699,0.6815166473388672,0.932378888130188,0.1099439412355423
0.7285165786743164,0.7166303396224976,-0.12261120229959488,0.7307475805282593,0.714831531047821,0.07761034369468689,0.7237053513526917,0.8213530778884888,-0.06507717072963715,0.7243417501449585,0.817192792892456,0.06512745469808578,0.6593548655509949,0.8535947799682617,-0.08219053596258163,0.6691654920578003,0.8459120988845825,0.07138187438249588,0.6604262590408325,0.9201983213424683,-0.025807252153754234,0.6741472482681274,0.9287306666374207,0.11071976274251938
0.7271660566329956,0.7164661884307861,-0.12260440737009048,0.7296864986419678,0.7150289416313171,0.0792560875415802,0.7232838869094849,0.8216906189918518,-0.06512201577425003,0.724518895149231,0.8177025318145752,0.06516893208026886,0.658765435218811,0.8529755473136902,-0.07693685591220856,0.6680554747581482,0.8463698029518127,0.07758234441280365,0.6607215404510498,0.9185993075370789,-0.01148061640560627,0.6746965050697327,0.9280455112457275,0.12196079641580582
0.7251245379447937,0.7166322469711304,-0.12602564692497253,0.7273297309875488,0.7149795889854431,0.07853260636329651,0.7204048037528992,0.8218115568161011,-0.06455142796039581,0.7213665843009949,0.8180868625640869,0.06459548324346542,0.6550184488296509,0.8530328273773193,-0.07804924994707108,0.6650098562240601,0.8466764092445374,0.07664754241704941,0.6580436825752258,0.9193398356437683,-0.013386000879108906,0.6758002042770386,0.9290879368782043,0.11643092334270477
0.7239457964897156,0.7115767002105713,-0.11601366847753525,0.7269479632377625,0.7111374139785767,0.09050518274307251,0.7197713255882263,0.8183664679527283,-0.06471996754407883,0.7211076021194458,0.8147969841957092,0.06476597487926483,0.6543275117874146,0.8505524396896362,-0.07984258234500885,0.6651700735092163,0.8428601026535034,0.0735786035656929,0.6582580208778381,0.9160334467887878,-0.020840346813201904,0.6736128926277161,0.928565263748169,0.10919865220785141
0.7224830389022827,0.71258944272995,-0.11608855426311493,0.7247768044471741,0.7119373083114624,0.09143543243408203,0.7188066840171814,0.8186578154563904,-0.06450603902339935,0.720979630947113,0.8156221508979797,0.06456147134304047,0.6529433131217957,0.8500864505767822,-0.07978589832782745,0.6658311486244202,0.8429988026618958,0.07604459673166275,0.6565809845924377,0.9162858724594116,-0.019959982484579086,0.6832627058029175,0.930383563041687,0.11006494611501694
0.7230933904647827,0.7113664150238037,-0.12116114050149918,0.723823070526123,0.7112365365028381,0.08441389352083206,0.7188378572463989,0.8174474835395813,-0.06448297202587128,0.7194935083389282,0.8138824701309204,0.06453800946474075,0.6537681818008423,0.8497297167778015,-0.08071880042552948,0.6629250645637512,0.8431410193443298,0.07294763624668121,0.6584516763687134,0.9160131216049194,-0.02000938355922699,0.6755256652832031,0.9283198118209839,0.10883118212223053
0.7232359051704407,0.7120032906532288,-0.13178133964538574,0.7231066226959229,0.7116926908493042,0.07542389631271362,0.7189832925796509,0.8182761073112488,-0.0645042434334755,0.7190632820129395,0.8143078088760376,0.06456078588962555,0.652438759803772,0.8500893115997314,-0.08327178657054901,0.6632179021835327,0.8435928225517273,0.07275529205799103,0.6573311686515808,0.916596531867981,-0.021650154143571854,0.6787427663803101,0.929597020149231,0.10870115458965302
0.7235432267189026,0.7077570557594299,-0.11189892143011093,0.7239574193954468,0.708777666091919,0.0777130275964737,0.718548059463501,0.8155451416969299,-0.0651896744966507,0.7188007235527039,0.8114806413650513,0.06522157788276672,0.6530563831329346,0.8447376489639282,-0.07993299514055252,0.66253262758255,0.8394807577133179,0.06800749152898788,0.6561587452888489,0.9100914597511292,-0.023205047473311424,0.6664584875106812,0.9176810383796692,0.10979700088500977
0.7235821485519409,0.7059046030044556,-0.10182873904705048,0.7243765592575073,0.7074013352394104,0.07865585386753082,0.7181302309036255,0.8132674098014832,-0.06459948420524597,0.7180100679397583,0.8096795678138733,0.06462947279214859,0.6533418893814087,0.844562828540802,-0.07796244323253632,0.6630765795707703,0.8386985659599304,0.06295281648635864,0.6551400423049927,0.9061629176139832,-0.029002632945775986,0.6642817258834839,0.9157370924949646,0.10396621376276016
0.7254266738891602,0.7007821798324585,-0.11319573223590851,0.7296081781387329,0.7029799818992615,0.07916496694087982,0.7196663618087769,0.8090376257896423,-0.06302763521671295,0.721672773361206,0.8069959878921509,0.06309042125940323,0.6567670702934265,0.8419007658958435,-0.0743594840168953,0.6754363179206848,0.8397391438484192,0.06711111962795258,0.658129096031189,0.90818190574646,-0.017940141260623932,0.6784378290176392,0.9192968606948853,0.10478661209344864
0.7298879623413086,0.6991100907325745,-0.1294180303812027,0.73122638463974,0.6994913220405579,0.07177932560443878,0.7235938310623169,0.8079164028167725,-0.0620201900601387,0.7223302125930786,0.8040704727172852,0.06209723278880119,0.6588089466094971,0.8380370736122131,-0.07463338226079941,0.675544798374176,0.8326317071914673,0.07644174247980118,0.6612193584442139,0.9051278233528137,-0.008368870243430138,0.6845480799674988,0.9202396273612976,0.10548367351293564
0.7331222891807556,0.699741780757904,-0.14150163531303406,0.7344269156455994,0.6963847875595093,0.06668918579816818,0.7276959419250488,0.8070031404495239,-0.06219908595085144,0.7285090684890747,0.803250253200531,0.062272559851408005,0.6616566181182861,0.8369952440261841,-0.07527173310518265,0.6837866902351379,0.8353994488716125,0.08590716123580933,0.6671847701072693,0.9053399562835693,-0.00354583328589797,0.6876822710037231,0.9209321141242981,0.11498285830020905
0.7354572415351868,0.6973187327384949,-0.13047388195991516,0.7361441850662231,0.6978168487548828,0.08184223622083664,0.7270732522010803,0.8071659207344055,-0.06277401745319366,0.728060781955719,0.8041915893554688,0.06285838037729263,0.6620078682899475,0.8374672532081604,-0.07565547525882721,0.6849119663238525,0.836322009563446,0.08776845037937164,0.6660524606704712,0.9002243280410767,-0.006826078984886408,0.6879817247390747,0.9203764796257019,0.11854276806116104
0.7345150113105774,0.6991876363754272,-0.12961003184318542,0.7367480993270874,0.6991338729858398,0.08113809674978256,0.7264524698257446,0.8079201579093933,-0.06295442581176758,0.7298227548599243,0.8051298260688782,0.06303606927394867,0.6618322730064392,0.8376566767692566,-0.07376888394355774,0.6850578784942627,0.8372043371200562,0.09223011881113052,0.6621001958847046,0.9010021090507507,-0.0032660651486366987,0.6875306367874146,0.9200701117515564,0.12291821092367172
0.7345641255378723,0.7001597881317139,-0.12209038436412811,0.7392996549606323,0.6999588012695312,0.0860142856836319,0.7266696691513062,0.8084967136383057,-0.06371539831161499,0.7298270463943481,0.8053330183029175,0.06379139423370361,0.6626861691474915,0.8354097008705139,-0.07597143203020096,0.6866753697395325,0.8300250768661499,0.10060076415538788,0.658230721950531,0.8791382908821106,0.010608538053929806,0.6770116090774536,0.8956419229507446,0.13189664483070374
0.7348736524581909,0.7008131146430969,-0.12080258131027222,0.7403366565704346,0.6996808648109436,0.08739613741636276,0.7263437509536743,0.8082718253135681,-0.0647963210940361,0.7315306067466736,0.8048768639564514,0.06490854918956757,0.6628764867782593,0.8365904688835144,-0.07737957686185837,0.6842754483222961,0.8298981189727783,0.09595455974340439,0.6611902713775635,0.8885164856910706,0.006945674307644367,0.6813625693321228,0.9003687500953674,0.12608659267425537
0.7364713549613953,0.7012529373168945,-0.11906445026397705,0.7402210235595703,0.6999542117118835,0.09052225202322006,0.7282695770263672,0.8085101246833801,-0.06593900173902512,0.7313899397850037,0.8050383925437927,0.06603133678436279,0.6632029414176941,0.837834894657135,-0.08482179790735245,0.6830105185508728,0.8316395878791809,0.09170447289943695,0.6725554466247559,0.9027773141860962,-0.011309782043099403,0.6813960075378418,0.9029862284660339,0.12562325596809387
0.7372428178787231,0.7027472257614136,-0.12003743648529053,0.7399025559425354,0.700317919254303,0.09055991470813751,0.7278846502304077,0.8088250756263733,-0.06640566885471344,0.7312225103378296,0.805210292339325,0.06650267541408539,0.6640006303787231,0.8381121754646301,-0.08534172922372818,0.684502363204956,0.837365448474884,0.09087676554918289,0.6723942160606384,0.9078590273857117,-0.014126395806670189,0.6904164552688599,0.9168020486831665,0.12477437406778336
0.7371300458908081,0.7028194665908813,-0.11963020265102386,0.7412880659103394,0.6997557282447815,0.09086938202381134,0.7286233305931091,0.8089265823364258,-0.06672979146242142,0.7327789068222046,0.8054731488227844,0.06683339178562164,0.6642768383026123,0.8383543491363525,-0.08389873802661896,0.6879105567932129,0.8375691771507263,0.09925265610218048,0.6701065301895142,0.9078952670097351,-0.01084885187447071,0.6891990900039673,0.9168696999549866,0.1286046952009201
0.7385707497596741,0.7028792500495911,-0.12025585025548935,0.7407131195068359,0.7026374340057373,0.09120731055736542,0.728822648525238,0.8105885982513428,-0.06731360405683517,0.7321351766586304,0.8082756400108337,0.06741074472665787,0.6642234921455383,0.8384780883789062,-0.0833873301744461,0.6775070428848267,0.8369764685630798,0.0961727648973465,0.6696540713310242,0.9128650426864624,-0.009106254205107689,0.6886650323867798,0.9193986654281616,0.1374989002943039
0.7390496730804443,0.7029271721839905,-0.12031551450490952,0.7402878999710083,0.7039608359336853,0.0904320627450943,0.7290180325508118,0.8112847208976746,-0.06730559468269348,0.7319522500038147,0.8089041113853455,0.06739839911460876,0.6643239259719849,0.8385944962501526,-0.08292004466056824,0.6749916672706604,0.8354088068008423,0.09470896422863007,0.6703602075576782,0.9144108891487122,-0.009202538058161736,0.6878435611724854,0.9200511574745178,0.13440635800361633
0.7385283708572388,0.7029485702514648,-0.11992020905017853,0.7406473159790039,0.7039240598678589,0.09377134591341019,0.7289329767227173,0.8113282322883606,-0.06729445606470108,0.7328206300735474,0.8090173006057739,0.06738459318876266,0.6644994020462036,0.8396007418632507,-0.07736484706401825,0.6755674481391907,0.8346312642097473,0.09667718410491943,0.6715465784072876,0.9128702878952026,0.00261475658044219,0.6893216371536255,0.9210172891616821,0.13727238774299622
0.7394662499427795,0.7021751403808594,-0.11737668514251709,0.7389006018638611,0.7036897540092468,0.09408107399940491,0.7305588126182556,0.8123874664306641,-0.06740451604127884,0.7319839000701904,0.8092686533927917,0.06749032437801361,0.6649034023284912,0.840537965297699,-0.08379676938056946,0.6761149168014526,0.8350854516029358,0.08395799994468689,0.6721224188804626,0.9119796752929688,-0.010803400538861752,0.688517689704895,0.9219987988471985,0.11859742552042007
0.739205539226532,0.7033241391181946,-0.11777541786432266,0.7388824224472046,0.7037922143936157,0.0931473970413208,0.7302715182304382,0.8126233220100403,-0.06662343442440033,0.732394278049469,0.8098324537277222,0.06669925153255463,0.6661165952682495,0.8400983214378357,-0.08351685106754303,0.6799440979957581,0.8369731903076172,0.07407336682081223,0.669331431388855,0.9083001017570496,-0.01095040887594223,0.685822606086731,0.9211384057998657,0.10286471992731094
0.7391142845153809,0.7034369111061096,-0.11403237283229828,0.7389105558395386,0.7037500739097595,0.09451799094676971,0.7304059863090515,0.8127061724662781,-0.06649020314216614,0.7325484156608582,0.8099834322929382,0.06656555831432343,0.6659186482429504,0.8410142660140991,-0.08236587047576904,0.6785959005355835,0.8369583487510681,0.07856892794370651,0.6713996529579163,0.911859929561615,-0.008546093478798866,0.6868575811386108,0.922394335269928,0.11071709543466568
0.7390566468238831,0.7034539580345154,-0.11108250916004181,0.7390769124031067,0.7036241888999939,0.09543944895267487,0.7305927872657776,0.8127577304840088,-0.06613064557313919,0.7328506708145142,0.8099666237831116,0.06620368361473083,0.6658536791801453,0.8414983153343201,-0.08075706660747528,0.6781473159790039,0.8369460701942444,0.07976019382476807,0.670964241027832,0.9144923686981201,-0.008649016730487347,0.6867214441299438,0.9241588711738586,0.1123269572854042
0.7387770414352417,0.7062166929244995,-0.13046856224536896,0.7389711141586304,0.7038828134536743,0.08448707312345505,0.7302592992782593,0.8137016892433167,-0.06682118773460388,0.731224000453949,0.8099603056907654,0.06690732389688492,0.6655643582344055,0.8417676687240601,-0.08443985879421234,0.6751898527145386,0.8363072872161865,0.07599066197872162,0.6679053902626038,0.9191150069236755,-0.015946682542562485,0.6785367131233215,0.923926055431366,0.11284588277339935
0.7374747395515442,0.7058891654014587,-0.12739869952201843,0.7389569282531738,0.7038624882698059,0.0904848575592041,0.7302329540252686,0.8137703537940979,-0.06740547716617584,0.7312201261520386,0.8099400401115417,0.06748442351818085,0.6654860973358154,0.8417752385139465,-0.08491362631320953,0.6752812266349792,0.8344511389732361,0.07809723168611526,0.6693183779716492,0.9160850644111633,-0.015350623056292534,0.6774714589118958,0.9189878106117249,0.11456844955682755
0.7348951697349548,0.7066118717193604,-0.1271350383758545,0.7394708395004272,0.7039452791213989,0.08676193654537201,0.7295976877212524,0.8132123351097107,-0.06739587336778641,0.731423020362854,0.8090053796768188,0.06747232377529144,0.6654293537139893,0.8412901163101196,-0.08427256345748901,0.6756049990653992,0.8332483768463135,0.0743112862110138,0.6592442989349365,0.9087575674057007,-0.01428973488509655,0.6762576103210449,0.9191398024559021,0.10666686296463013
0.7339169979095459,0.7054867148399353,-0.12163690477609634,0.7385839223861694,0.7017910480499268,0.09299673140048981,0.7286074161529541,0.8130735754966736,-0.0678352490067482,0.7312542796134949,0.8088181614875793,0.06789730489253998,0.6643587350845337,0.8410824537277222,-0.07945283502340317,0.6758708953857422,0.8326160907745361,0.08997408300638199,0.6606072187423706,0.9045917987823486,-0.0023725745268166065,0.6808988451957703,0.9182456731796265,0.1288122832775116
0.7333824038505554,0.7043303847312927,-0.11667133867740631,0.7374053001403809,0.7002919912338257,0.09272273629903793,0.7285080552101135,0.8124291896820068,-0.0677131861448288,0.7309016585350037,0.8074554204940796,0.06775790452957153,0.6637632250785828,0.8410798907279968,-0.07553307712078094,0.6753717660903931,0.8327918648719788,0.0885629802942276,0.6646628975868225,0.9040156602859497,-0.0033185742795467377,0.6810852289199829,0.9186922907829285,0.1265380084514618
0.7335561513900757,0.7030385136604309,-0.11694584786891937,0.7385510206222534,0.7009461522102356,0.095670685172081,0.7278579473495483,0.8121185302734375,-0.06749720126390457,0.732097864151001,0.8076534271240234,0.06752388179302216,0.6633566617965698,0.8407339453697205,-0.07566612213850021,0.680476725101471,0.8394669890403748,0.08643916249275208,0.6637178659439087,0.904975175857544,-0.003462534863501787,0.6845546960830688,0.9232350587844849,0.1250675618648529
0.7336744070053101,0.7024155259132385,-0.1170172318816185,0.739185631275177,0.7013778686523438,0.09669748693704605,0.7274613380432129,0.8118887543678284,-0.06731324642896652,0.7327114343643188,0.8077716827392578,0.06732931733131409,0.6631211042404175,0.8404831290245056,-0.07578683644533157,0.6822870373725891,0.8417130708694458,0.08532099425792694,0.6632372140884399,0.9053539633750916,-0.003857917618006468,0.6859546899795532,0.9249408841133118,0.12429151684045792
0.7337134480476379,0.6999806761741638,-0.11988595873117447,0.737208902835846,0.6984362006187439,0.09144604206085205,0.7274765372276306,0.8096479773521423,-0.06780003756284714,0.7312437891960144,0.8052205443382263,0.06783878058195114,0.6630319952964783,0.8405255675315857,-0.0762692540884018,0.6790083646774292,0.8372089862823486,0.09007985889911652,0.6672684550285339,0.9057322144508362,-0.004271426238119602,0.6856295466423035,0.9226113557815552,0.13327617943286896
0.7330976724624634,0.6995600461959839,-0.1290035992860794,0.7372177243232727,0.6971321702003479,0.08647434413433075,0.7265982627868652,0.8083409070968628,-0.06779389828443527,0.7311244010925293,0.8037084937095642,0.06783606857061386,0.6623474359512329,0.83988356590271,-0.07883743941783905,0.6840662360191345,0.835162341594696,0.09870441257953644,0.668526828289032,0.9035196304321289,-0.009752294048666954,0.6860545873641968,0.9165558218955994,0.13046124577522278
0.7331056594848633,0.6987724900245667,-0.13206157088279724,0.7364352941513062,0.6960669159889221,0.07708195596933365,0.7265434265136719,0.8064459562301636,-0.06766381859779358,0.7306095361709595,0.8012936115264893,0.06771610677242279,0.662000298500061,0.8393392562866211,-0.08500908315181732,0.681260347366333,0.8306257724761963,0.0960814580321312,0.667736291885376,0.9053228497505188,-0.02083628997206688,0.6893119215965271,0.9167709350585938,0.12891939282417297
0.7309505343437195,0.6953827738761902,-0.10765676200389862,0.736169695854187,0.6941344738006592,0.08465801179409027,0.7237421870231628,0.8033553957939148,-0.0663541629910469,0.7285452485084534,0.8007575273513794,0.06640173494815826,0.6599516272544861,0.8368518352508545,-0.08430205285549164,0.683878481388092,0.8309521079063416,0.08041292428970337,0.6685081124305725,0.9012050032615662,-0.033901479095220566,0.6885734796524048,0.9155792593955994,0.10651499032974243
0.7304759621620178,0.6941556334495544,-0.10996179282665253,0.7358010411262512,0.6931192278862,0.09019097685813904,0.7236093282699585,0.8034908175468445,-0.066358782351017,0.7282845377922058,0.799832284450531,0.06641025841236115,0.6589934229850769,0.8368741869926453,-0.08097066730260849,0.6790071725845337,0.8296443223953247,0.08579538762569427,0.6679982542991638,0.9006975293159485,-0.02500181272625923,0.6883012056350708,0.9158934354782104,0.1143781989812851
0.730080246925354,0.6948608756065369,-0.11327023804187775,0.7346659302711487,0.6938063502311707,0.09001752734184265,0.7229239344596863,0.8043801188468933,-0.06644092500209808,0.7267700433731079,0.8012558221817017,0.06649037450551987,0.658328652381897,0.8362962007522583,-0.08093121647834778,0.6695323586463928,0.8300774097442627,0.08469901233911514,0.6597385406494141,0.9013872742652893,-0.019393200054764748,0.6785562634468079,0.9159931540489197,0.1155233383178711
0.7281777858734131,0.696151852607727,-0.13908876478672028,0.7344702482223511,0.6943743824958801,0.07655483484268188,0.7216788530349731,0.804731547832489,-0.06661716103553772,0.7257898449897766,0.8015932440757751,0.06667090207338333,0.6567825078964233,0.8362366557121277,-0.08091174066066742,0.6665452718734741,0.8299345374107361,0.09100297838449478,0.6610900163650513,0.9078852534294128,-0.010149726644158363,0.6752996444702148,0.9137048125267029,0.13625642657279968
0.7283421754837036,0.6947874426841736,-0.11862091720104218,0.7341616749763489,0.69439297914505,0.07909363508224487,0.7217947840690613,0.804302990436554,-0.06660763919353485,0.726090133190155,0.8008541464805603,0.0666569322347641,0.6565635800361633,0.83515465259552,-0.08269236236810684,0.6693438291549683,0.8289455771446228,0.08435168862342834,0.6612716913223267,0.9076642394065857,-0.0240919329226017,0.6834448575973511,0.9159733057022095,0.1214803010225296
0.7284153699874878,0.6935054659843445,-0.12250474840402603,0.7342679500579834,0.6931713223457336,0.07988020777702332,0.7235816717147827,0.8032518625259399,-0.0678570419549942,0.727770209312439,0.7996011972427368,0.06789745390415192,0.659798800945282,0.8337322473526001,-0.07376226037740707,0.6758010983467102,0.8233013153076172,0.1006518229842186,0.6618657112121582,0.8962498307228088,-0.012016571126878262,0.6835254430770874,0.9074774384498596,0.12817609310150146
0.7347090244293213,0.6871656775474548,-0.11789305508136749,0.7424171566963196,0.6902135014533997,0.08139528334140778,0.731975257396698,0.8000376224517822,-0.06597140431404114,0.7365175485610962,0.7973772883415222,0.06598370522260666,0.6690924763679504,0.8302100896835327,-0.07436712086200714,0.7028874158859253,0.829754650592804,0.09795884788036346,0.677585244178772,0.8942444920539856,-0.007057542447000742,0.7133448719978333,0.9094765782356262,0.1263285130262375
0.7624778151512146,0.6794551014900208,-0.1315280646085739,0.7613651752471924,0.6822893619537354,0.08153359591960907,0.7569333910942078,0.7932077050209045,-0.06574414670467377,0.7567771077156067,0.7906376719474792,0.06578092277050018,0.6921533346176147,0.822227418422699,-0.09341667592525482,0.70783531665802,0.8206509351730347,0.08290650695562363,0.7045904397964478,0.889724612236023,-0.0017973739886656404,0.7213774919509888,0.9128391146659851,0.11853981018066406
0.7634611129760742,0.6774335503578186,-0.13409379124641418,0.7618301510810852,0.677598774433136,0.07760638743638992,0.7597563862800598,0.7900637984275818,-0.0653834268450737,0.7611092329025269,0.7861835956573486,0.06544380635023117,0.6945198774337769,0.8181683421134949,-0.08925020694732666,0.7172449827194214,0.8215903639793396,0.0886128768324852,0.69743812084198,0.8804318904876709,-0.004352324176579714,0.7232003211975098,0.9015172719955444,0.12165479362010956
0.7803395986557007,0.6680792570114136,-0.13260622322559357,0.780326783657074,0.6699953675270081,0.07940936088562012,0.7751049399375916,0.7833301424980164,-0.06279996037483215,0.7776224613189697,0.7804694771766663,0.0628749281167984,0.7097262740135193,0.8116025328636169,-0.07103613018989563,0.7272099852561951,0.8216469883918762,0.0897597074508667,0.7136015892028809,0.8812665939331055,0.011896049603819847,0.7362584471702576,0.9068539142608643,0.12802287936210632
0.7748879194259644,0.6733572483062744,-0.13129623234272003,0.7775922417640686,0.6742498278617859,0.08759044110774994,0.7670773267745972,0.7848813533782959,-0.06454184651374817,0.7703909277915955,0.7829514145851135,0.06462651491165161,0.7037802338600159,0.8164482712745667,-0.07227925211191177,0.7277377247810364,0.8260700106620789,0.08925142139196396,0.6997197866439819,0.8847952485084534,-0.011427512392401695,0.7368598580360413,0.9081499576568604,0.1274861842393875
0.7661562561988831,0.6909555196762085,-0.13722336292266846,0.7674500942230225,0.6869347095489502,0.07757161557674408,0.7607190012931824,0.7982613444328308,-0.06493131816387177,0.7614473104476929,0.7952441573143005,0.06502066552639008,0.7017856240272522,0.8233395218849182,-0.07114122807979584,0.7172030806541443,0.8351097702980042,0.09215406328439713,0.6919875144958496,0.9025869369506836,-0.004213382489979267,0.7274265885353088,0.9179195761680603,0.13641893863677979
0.7455119490623474,0.6994706988334656,-0.1369858831167221,0.7477909922599792,0.6948055624961853,0.08789856731891632,0.7380151748657227,0.8069206476211548,-0.07250620424747467,0.738010048866272,0.7998765707015991,0.07259251177310944,0.6705547571182251,0.8317895531654358,-0.08110560476779938,0.6834873557090759,0.8278949856758118,0.08336120843887329,0.6734044551849365,0.9014201760292053,-0.0046493797563016415,0.6833444237709045,0.9147623777389526,0.13623665273189545
0.7414549589157104,0.7013227939605713,-0.13503976166248322,0.7445991039276123,0.6984445452690125,0.08746076375246048,0.7307446599006653,0.8115427494049072,-0.07234510779380798,0.7331974506378174,0.8075982332229614,0.07240043580532074,0.6638959646224976,0.8367881774902344,-0.07979311048984528,0.6771827936172485,0.831422746181488,0.08073176443576813,0.6729246377944946,0.918263852596283,-0.007214916404336691,0.6896538138389587,0.9228114485740662,0.1334942728281021
0.7323430776596069,0.7074864506721497,-0.1338922083377838,0.7328482866287231,0.7039888501167297,0.08724479377269745,0.7194280624389648,0.8166759014129639,-0.07122068107128143,0.7181256413459778,0.8107022047042847,0.07127948850393295,0.6492346525192261,0.8388777375221252,-0.07995599508285522,0.6627136468887329,0.8313362002372742,0.0821218490600586,0.6590881943702698,0.9178975820541382,-0.003694619983434677,0.6743952035903931,0.9251896739006042,0.13424597680568695
0.7170543074607849,0.7061769366264343,-0.12275735288858414,0.7206575274467468,0.7063365578651428,0.08847720921039581,0.7032147645950317,0.8162028193473816,-0.07100998610258102,0.7052809000015259,0.8109298348426819,0.0710681676864624,0.6340905427932739,0.8371856808662415,-0.08012299239635468,0.6524524688720703,0.8306944370269775,0.08264117687940598,0.6430552005767822,0.9138062000274658,-0.010270521976053715,0.6608530879020691,0.9160267114639282,0.12956424057483673
0.7090563774108887,0.7067493200302124,-0.11787699162960052,0.7157664895057678,0.709119439125061,0.0928507149219513,0.6951042413711548,0.8185312151908875,-0.06988205015659332,0.7005769610404968,0.8165002465248108,0.06992529332637787,0.6255265474319458,0.8364951610565186,-0.07957102358341217,0.6405287384986877,0.8306060433387756,0.0829889252781868,0.6274941563606262,0.9155328273773193,-0.01133902557194233,0.6568587422370911,0.9199197888374329,0.13031607866287231
0.7128027081489563,0.7111741304397583,-0.11968008428812027,0.7143658399581909,0.7082753777503967,0.08938325941562653,0.6981486678123474,0.8204538226127625,-0.06953279674053192,0.6996304988861084,0.8156387209892273,0.06958508491516113,0.6292969584465027,0.8398004174232483,-0.08413266390562057,0.6391068696975708,0.8317429423332214,0.08238565176725388,0.6363726854324341,0.9176617860794067,-0.01671626791357994,0.6460603475570679,0.9223073720932007,0.1248307004570961
0.7118233442306519,0.7165195941925049,-0.1257142722606659,0.7148212194442749,0.7098783254623413,0.0801662728190422,0.6965463757514954,0.8249149918556213,-0.06930932402610779,0.6980150938034058,0.8170930743217468,0.06936530023813248,0.6303828358650208,0.8423088788986206,-0.08342629671096802,0.6429144144058228,0.8319076299667358,0.09282449632883072,0.6394726037979126,0.9216946363449097,-0.013358255848288536,0.6462278366088867,0.9184464812278748,0.13671351969242096
0.7114821672439575,0.7192158102989197,-0.12096641212701797,0.7167218923568726,0.7137604355812073,0.08139310777187347,0.6972454786300659,0.8286688923835754,-0.06825893372297287,0.700224757194519,0.8208605647087097,0.06832469254732132,0.6286689639091492,0.8459099531173706,-0.08556567132472992,0.6432362198829651,0.8332515358924866,0.08569995313882828,0.6390634775161743,0.9278188943862915,-0.018880663439631462,0.6387360095977783,0.9175879955291748,0.12167725712060928
0.7119569778442383,0.720801055431366,-0.12132461369037628,0.7166088223457336,0.7149692177772522,0.0849989503622055,0.6982765793800354,0.8309145569801331,-0.06821464747190475,0.6993993520736694,0.8223313093185425,0.06828097254037857,0.6311445832252502,0.8464024662971497,-0.08647074550390244,0.6437317132949829,0.8338646292686462,0.07208003103733063,0.6334770917892456,0.9236758351325989,-0.017942775040864944,0.632638692855835,0.9136413335800171,0.10783128440380096
0.7157635688781738,0.7208712100982666,-0.12735170125961304,0.7200167179107666,0.7184403538703918,0.07581004500389099,0.7028958201408386,0.8309903740882874,-0.0663546770811081,0.6999646425247192,0.8279047012329102,0.06640350818634033,0.6324833631515503,0.8495161533355713,-0.08400686085224152,0.6507513523101807,0.8531329035758972,0.07559327781200409,0.6435341835021973,0.927114725112915,-0.010239755734801292,0.6554611921310425,0.9370521306991577,0.11411597579717636
0.7327950596809387,0.7180519104003906,-0.12028004974126816,0.7400962710380554,0.7157414555549622,0.0809452161192894,0.7232651710510254,0.8281256556510925,-0.06552325189113617,0.7300546169281006,0.8244198560714722,0.06556863337755203,0.6571928858757019,0.8480508923530579,-0.07481104135513306,0.6718875765800476,0.846729576587677,0.07729431986808777,0.6699205040931702,0.9249616861343384,0.0013263465370982885,0.6836152672767639,0.9344187378883362,0.12244771420955658
0.74678635597229,0.7167362570762634,-0.11909176409244537,0.7541574239730835,0.714939296245575,0.08681673556566238,0.7390025854110718,0.8270653486251831,-0.06558049470186234,0.7479596138000488,0.8227396011352539,0.06562703102827072,0.6734153032302856,0.8473079204559326,-0.07413263618946075,0.6987634301185608,0.8517996072769165,0.0901418924331665,0.6865733861923218,0.9239286184310913,0.002836732193827629,0.7017608880996704,0.9339284300804138,0.1300724595785141
0.7523747682571411,0.715621292591095,-0.13011343777179718,0.7587700486183167,0.7136333584785461,0.07461179792881012,0.7444336414337158,0.8267075419425964,-0.06460258364677429,0.7525383234024048,0.8217240571975708,0.06467676162719727,0.6783095598220825,0.8482292890548706,-0.07174559682607651,0.7042663097381592,0.856511652469635,0.08418507128953934,0.6888937950134277,0.9270419478416443,0.00032241878216154873,0.7098548412322998,0.9405944347381592,0.12662577629089355
0.7534809112548828,0.7152918577194214,-0.12357078492641449,0.7560222744941711,0.712896466255188,0.07577990740537643,0.7416882514953613,0.8257665634155273,-0.06390933692455292,0.7471053600311279,0.8209359049797058,0.06396503746509552,0.6786865592002869,0.8481026887893677,-0.06707614660263062,0.7028602361679077,0.8573148250579834,0.09771774709224701,0.68804931640625,0.9252552390098572,0.00011062780686188489,0.7101542949676514,0.9390246868133545,0.1257701963186264
0.7603085041046143,0.7158920168876648,-0.12611135840415955,0.7665854692459106,0.7133024334907532,0.081374391913414,0.7507214546203613,0.8272140622138977,-0.0657481700181961,0.7565797567367554,0.822594940662384,0.06582566350698471,0.6814874410629272,0.8510042428970337,-0.07603670656681061,0.701990008354187,0.8561427593231201,0.09433704614639282,0.6973734498023987,0.9282865524291992,-0.0011870251037180424,0.7073801159858704,0.9408590197563171,0.12685367465019226
0.7592046856880188,0.7369847893714905,-0.12406476587057114,0.758973240852356,0.7357637882232666,0.09245459735393524,0.7464495301246643,0.8492811918258667,-0.06710612028837204,0.7475964426994324,0.845466673374176,0.0671890377998352,0.6750414967536926,0.8700388073921204,-0.0818323940038681,0.6875339150428772,0.866485595703125,0.08182977139949799,0.6877318620681763,0.9505292177200317,-0.002692165318876505,0.6919516324996948,0.9550814032554626,0.11707939207553864
0.7536821961402893,0.7676752209663391,-0.12654969096183777,0.7551146745681763,0.7652174830436707,0.08834066241979599,0.7417662739753723,0.8776543736457825,-0.06764047592878342,0.7441295981407166,0.8731443285942078,0.06771834939718246,0.6744935512542725,0.897905170917511,-0.07964694499969482,0.6866560578346252,0.8847741484642029,0.09405739605426788,0.6716605424880981,0.9737499356269836,-0.0029876912012696266,0.6807406544685364,0.9631747603416443,0.1358027160167694
0.7645314931869507,0.7924368381500244,-0.13005797564983368,0.7679787278175354,0.7833191156387329,0.07289423048496246,0.749097466468811,0.8986793160438538,-0.06593357771635056,0.7500195503234863,0.8912132382392883,0.06604184210300446,0.680274486541748,0.9199937582015991,-0.07959155738353729,0.6968151330947876,0.9120399951934814,0.09257002174854279,0.6871646046638489,0.9964454174041748,0.005056793801486492,0.6896007061004639,0.9892781376838684,0.13071037828922272
0.7672868967056274,0.7981777191162109,-0.14473147690296173,0.7657869458198547,0.7896034717559814,0.04914430156350136,0.7487703561782837,0.9032724499702454,-0.0616387315094471,0.747148871421814,0.8908507823944092,0.061744771897792816,0.6784170866012573,0.9169442057609558,-0.07969161868095398,0.6966159343719482,0.895605742931366,0.08186285197734833,0.6904541850090027,0.9878244400024414,-0.006976619362831116,0.675297737121582,0.9686833024024963,0.11780712753534317
0.7704038619995117,0.7969647645950317,-0.13991057872772217,0.7644880414009094,0.7896258234977722,0.057277925312519073,0.7485092282295227,0.9030004143714905,-0.05995861813426018,0.7455634474754333,0.8906188607215881,0.06006782129406929,0.6775078773498535,0.9132825136184692,-0.08170332759618759,0.6832711696624756,0.8971920013427734,0.05105443671345711,0.6741001605987549,0.9861823320388794,-0.01903633400797844,0.6466220617294312,0.9628439545631409,0.0813988521695137
0.7700265645980835,0.7995021939277649,-0.11720813810825348,0.7653111219406128,0.7885857224464417,0.06327506899833679,0.7488526105880737,0.9026066064834595,-0.054471828043460846,0.7449709177017212,0.8896893858909607,0.05460930988192558,0.6789160966873169,0.9078614711761475,-0.0684557631611824,0.6825040578842163,0.8903984427452087,0.05690191313624382,0.6457741856575012,0.9654320478439331,-0.0021216929890215397,0.6329730153083801,0.9359282851219177,0.08392100036144257
0.7710590362548828,0.7950785756111145,-0.12672148644924164,0.7717334032058716,0.7884534597396851,0.06486150622367859,0.7516840696334839,0.9002082347869873,-0.056049734354019165,0.7485942244529724,0.8901808857917786,0.05614648386836052,0.682748556137085,0.9117637276649475,-0.07208700478076935,0.6943453550338745,0.8887771368026733,0.07843507826328278,0.6700566411018372,0.9649477005004883,0.009804091416299343,0.6550511717796326,0.9396475553512573,0.10695838928222656
0.7686859369277954,0.7946922183036804,-0.12832288444042206,0.7764555811882019,0.7886648178100586,0.06073177978396416,0.7513787746429443,0.8982437252998352,-0.056533217430114746,0.7553563714027405,0.889979898929596,0.05662604048848152,0.6873287558555603,0.909974992275238,-0.0681171864271164,0.7041565179824829,0.8927799463272095,0.09219144284725189,0.6618749499320984,0.9460805058479309,0.026265481486916542,0.6571699380874634,0.9304437041282654,0.12513671815395355
0.7672736644744873,0.7884678244590759,-0.14629852771759033,0.7747110724449158,0.7829955220222473,0.052432507276535034,0.7540220022201538,0.8934389352798462,-0.05677869915962219,0.7571426033973694,0.8857772946357727,0.0568481981754303,0.6918836832046509,0.9091728925704956,-0.07674167305231094,0.7118304371833801,0.8899048566818237,0.10083766281604767,0.6996587514877319,0.9615021347999573,0.021548831835389137,0.715299129486084,0.9436808824539185,0.12692828476428986
0.7668052911758423,0.7759698033332825,-0.1700967252254486,0.7762934565544128,0.7721896767616272,0.04643658176064491,0.7534568905830383,0.8844932317733765,-0.06040819734334946,0.7570307850837708,0.8753607869148254,0.0605115108191967,0.6952680945396423,0.9056435227394104,-0.07779356837272644,0.7133725881576538,0.8898314833641052,0.09665582329034805,0.6935905814170837,0.9667040705680847,0.01306663267314434,0.7077256441116333,0.945388913154602,0.1378307044506073
0.7667651772499084,0.7711460590362549,-0.17233508825302124,0.7763220071792603,0.7672497034072876,0.0371064692735672,0.7544832825660706,0.8798282742500305,-0.06048712134361267,0.7582429051399231,0.8695867657661438,0.06059012934565544,0.6972253322601318,0.9039587378501892,-0.07210545986890793,0.7199569344520569,0.8865073919296265,0.10682576894760132,0.6985625624656677,0.966042697429657,0.01631222292780876,0.7151347398757935,0.9408810138702393,0.1433085948228836
0.7636586427688599,0.7489252686500549,-0.16636495292186737,0.7749305367469788,0.7482630610466003,0.03663250803947449,0.748961865901947,0.8588326573371887,-0.05954800173640251,0.7573305368423462,0.8506048321723938,0.059607841074466705,0.6938091516494751,0.8797958493232727,-0.04144015908241272,0.7270854711532593,0.8823263645172119,0.13073906302452087,0.6931490898132324,0.9467951059341431,0.028816651552915573,0.7362728714942932,0.9362604022026062,0.17156198620796204
0.7623705267906189,0.7299234867095947,-0.17252276837825775,0.7738627195358276,0.7274695038795471,0.041260913014411926,0.7489394545555115,0.8404422998428345,-0.05986756831407547,0.75629723072052,0.8323591947555542,0.05991179496049881,0.6934845447540283,0.8745591640472412,-0.06852778792381287,0.714506208896637,0.86491858959198,0.0684293657541275,0.6952558755874634,0.9496027827262878,0.0185208972543478,0.7150471210479736,0.952559232711792,0.1151794046163559
0.76449054479599,0.7274399995803833,-0.17019611597061157,0.773906409740448,0.7268689274787903,0.04161263257265091,0.7569018602371216,0.8396521210670471,-0.06004979461431503,0.7640350461006165,0.8354621529579163,0.060076236724853516,0.7019917964935303,0.8746076226234436,-0.07753321528434753,0.7132272720336914,0.8657758831977844,0.06337539851665497,0.7039769887924194,0.9510210156440735,0.020485322922468185,0.710879921913147,0.9531171321868896,0.117365762591362
0.7637963891029358,0.7355173230171204,-0.16534334421157837,0.7709571123123169,0.7340313196182251,0.04418513551354408,0.7570254802703857,0.8465102910995483,-0.06235716491937637,0.7613931894302368,0.8421233892440796,0.06238679215312004,0.6985764503479004,0.878613293170929,-0.09205730259418488,0.7089926600456238,0.8691414594650269,0.0754479318857193,0.7037047743797302,0.9516513347625732,0.008429775945842266,0.7174330949783325,0.9514030814170837,0.12391436100006104
0.7547157406806946,0.7419253587722778,-0.16274036467075348,0.75982666015625,0.7400323748588562,0.05072527006268501,0.7451841831207275,0.8524066805839539,-0.06509801745414734,0.7478243708610535,0.8449628949165344,0.06510071456432343,0.6828837990760803,0.8776482343673706,-0.06790976226329803,0.6879069805145264,0.8733339309692383,0.07967725396156311,0.6835989356040955,0.9551120400428772,0.015490323305130005,0.6827850937843323,0.9571400880813599,0.14231015741825104
0.7414125204086304,0.7449718713760376,-0.1581060290336609,0.7491854429244995,0.7418484091758728,0.05978166311979294,0.7337769269943237,0.8536511659622192,-0.06618868559598923,0.7386942505836487,0.8520762324333191,0.06619788706302643,0.6693076491355896,0.878301739692688,-0.0618557445704937,0.6765686273574829,0.8775926232337952,0.07997064292430878,0.6645642518997192,0.9590497612953186,0.019253887236118317,0.6664663553237915,0.9589654803276062,0.14572559297084808
0.7423810958862305,0.7462994456291199,-0.1489536464214325,0.7490110397338867,0.7436023354530334,0.06861208379268646,0.7351213693618774,0.8554877638816833,-0.0674523338675499,0.7372968196868896,0.8530248403549194,0.06746526807546616,0.6694943308830261,0.8783581256866455,-0.0624900758266449,0.6736003160476685,0.8776093125343323,0.07960064709186554,0.663339376449585,0.9589577317237854,0.018502818420529366,0.6640251278877258,0.9587966203689575,0.1454465687274933
0.7270424962043762,0.7419531941413879,-0.14993910491466522,0.7337636351585388,0.7408142685890198,0.0644519254565239,0.719353437423706,0.8517171144485474,-0.0669126957654953,0.7242060899734497,0.8492223620414734,0.06694234162569046,0.6563122868537903,0.8700453639030457,-0.062279243022203445,0.6622042655944824,0.8711912035942078,0.06956471502780914,0.6460352540016174,0.952478289604187,0.01573675125837326,0.6481655836105347,0.9520205855369568,0.1427631378173828
0.7204228639602661,0.717904269695282,-0.15072715282440186,0.7307170033454895,0.7164170145988464,0.06196093559265137,0.711018979549408,0.826971709728241,-0.06650883704423904,0.719481348991394,0.8256533741950989,0.06654246896505356,0.6537221670150757,0.8454180359840393,-0.05396638065576553,0.6613169312477112,0.8593009114265442,0.07928981631994247,0.6451038718223572,0.9270135760307312,0.020006615668535233,0.6481462717056274,0.9290958642959595,0.1501677930355072
0.7289343476295471,0.6901648044586182,-0.17415311932563782,0.7325272560119629,0.6879118084907532,0.04582098498940468,0.7213259935379028,0.8002302050590515,-0.06728342920541763,0.7233964800834656,0.7967966794967651,0.06732885539531708,0.66057288646698,0.8210822939872742,-0.061510778963565826,0.6661750078201294,0.8251350522041321,0.06059517338871956,0.6527521014213562,0.902042031288147,0.0008050720207393169,0.6551350355148315,0.9003994464874268,0.13051871955394745
0.7297782897949219,0.6683438420295715,-0.18611468374729156,0.7298048734664917,0.6634982228279114,0.03280239552259445,0.7220836281776428,0.7776088118553162,-0.06701474636793137,0.7210447192192078,0.7735759615898132,0.0670587420463562,0.6632505655288696,0.8041536808013916,-0.07068856060504913,0.6660455465316772,0.8029586672782898,0.051313333213329315,0.654016375541687,0.8832295536994934,-0.004323756322264671,0.656619131565094,0.8822633624076843,0.13008415699005127
0.7307438254356384,0.6644690632820129,-0.17746776342391968,0.7307915091514587,0.6611387133598328,0.04066581279039383,0.7214837074279785,0.773884654045105,-0.06504268944263458,0.7188493013381958,0.7687479853630066,0.06509137153625488,0.6649969816207886,0.8060728907585144,-0.07201097160577774,0.6660230755805969,0.8028553128242493,0.052111346274614334,0.6546598076820374,0.8781221508979797,0.00045734955347143114,0.6549638509750366,0.8770563006401062,0.12641116976737976
0.7310717701911926,0.6502310633659363,-0.1714157909154892,0.7314709424972534,0.6493225693702698,0.04114397615194321,0.722577691078186,0.7629603147506714,-0.06633584201335907,0.7200219035148621,0.7599478363990784,0.06636124104261398,0.663652241230011,0.7848596572875977,-0.07195892184972763,0.6629906296730042,0.7809191942214966,0.05995376780629158,0.6550658941268921,0.8608564138412476,0.008996064774692059,0.6551905870437622,0.8595998883247375,0.1432536393404007
0.7335764765739441,0.6334832310676575,-0.17090848088264465,0.7314392328262329,0.6351982951164246,0.043058283627033234,0.7250405550003052,0.7469632625579834,-0.06639555841684341,0.7209692001342773,0.7436923384666443,0.06642256677150726,0.6643918752670288,0.772767186164856,-0.0711183249950409,0.6659839153289795,0.7683133482933044,0.06325529515743256,0.6565608978271484,0.8499540090560913,0.008486340753734112,0.6581206321716309,0.8483477830886841,0.1452677696943283
0.7350123524665833,0.6269211173057556,-0.16223570704460144,0.7326273918151855,0.6264689564704895,0.05527603626251221,0.7252376675605774,0.7422642111778259,-0.0664634183049202,0.7219761610031128,0.7368199825286865,0.06648891419172287,0.6633382439613342,0.7685158252716064,-0.07067911326885223,0.6664117574691772,0.7620248198509216,0.059593696147203445,0.6570781469345093,0.8480479121208191,0.004467608407139778,0.6591790914535522,0.8417772650718689,0.13987979292869568
0.735276460647583,0.6308895349502563,-0.1633354276418686,0.7321628332138062,0.6292335987091064,0.05475732684135437,0.7256391644477844,0.743503749370575,-0.06684110313653946,0.7199140191078186,0.7358101010322571,0.06688730418682098,0.6593798398971558,0.7732210159301758,-0.07353914529085159,0.6675882935523987,0.766951858997345,0.06481281667947769,0.6575942039489746,0.8531923890113831,0.002115004463121295,0.6699498891830444,0.8446915149688721,0.1438411921262741
0.7348650693893433,0.6382848620414734,-0.16648368537425995,0.7273456454277039,0.6353145837783813,0.0421430729329586,0.7239798307418823,0.7481698393821716,-0.06563750654459,0.7176008820533752,0.7416793704032898,0.06570585817098618,0.6599209308624268,0.7789289951324463,-0.08830836415290833,0.6686930656433105,0.7742063403129578,0.06496758759021759,0.657953679561615,0.859980046749115,0.0031766488682478666,0.6691609621047974,0.8568642735481262,0.14341111481189728
0.7348935604095459,0.6398504972457886,-0.1288662701845169,0.7227155566215515,0.6388774514198303,0.04480356350541115,0.7240331172943115,0.7478967308998108,-0.055017996579408646,0.7131106853485107,0.7441987991333008,0.05504273623228073,0.6759315729141235,0.7891280651092529,-0.10655193030834198,0.6689791083335876,0.782397985458374,-0.01797696389257908,0.6858912110328674,0.8662831783294678,-0.023516379296779633,0.668743371963501,0.8663788437843323,0.03151882812380791
